ids,original,wout space,desired upload filename,160,400,800,SHST
251,Audreys Your Hearts Delight,Audreys_Your_Hearts_Delight,Audreys_Your_Hearts_Delight_251.xls,Audreys160,Audreys400a,Audreys800,Audreys_Your_Hearts_Delight_Products_SHST.xls
252,Adams and Company,Adams_and_Company,Adams_and_Company_252.xls,Adams160,Adams400,Adams800,Adams_&_Company_Products_SHST.xls
258,Capitol Imports,Capitol_Imports,Capitol_Imports_258.xls,Cap 160,Cap 400,Cap 800,Capitol_Earth_Rugs_Products_SHST.xls
259,Amish Star,ZAER_International,Amish_Star_259.xls,Amish160,Amish400,,
265,Wholesale Home decor (Harvest Scents),Wholesale_Home_decor_(Harvest_Scents),Wholesale_Home_decor_(Harvest_Scents)_265.xls,Harv160,Harv400,Harv800,
273,Raghu - Home Collections,Raghu_Home_Collections,Raghu_-_Home_Collections_273.xls,Raghu160,Raghu400,Raghu800,Raghu_Home_Collection_Products_SHST.xls
282,Westmoreland,Westmoreland,Westmoreland_282.xls,Westmoreland160,Westmoreland400,,
772,J&J Wire,J&J_Wire,J&J_Wire_772.xls,jjwire160,jjwire400,jjwire800,J&J_Wire_SHST.xls
778,Floral Treasure,Floral_Treasure,Floral_Treasure_778.xls,FT160,FT400,FT800,Floral_Treasure_SHST.xls
1044,Bethany Lowe,Bethany_Lowe,Bethany_Lowe_1044.xls,Bethany160,Bethany400,Bethany800,Bethany_Lowe_SHST.xls
1339,The Packaging Source,The_Packaging_Source,The_Packaging_Source_1339.xls,Packaging160,Packaging400,Packaging800,
1340,A Primitive Glow,A_Primitive_Glow,A_Primitive_Glow_1340.xls,Aprimitiveglow160,Aprimitiveglow400,Aprimitiveglow800,
6344,Pine Valley Pictures,Pine_Valley_Pictures,Pine_Valley_Pictures_6344.xls,Pine160,Pine400,Pine800,Pine_Valley_Pictures_SHST.xls
7840,Vickie Jeans Creations,Vickie_Jeans_Creations,Vickie_Jeans_Creations_7840.xls,VickieJeans160,VickieJeans400,VickieJeans800,Vickie_Jeans_Creations_SHST.xls
7849,Honey & Me,Honey_Me,Honey_&_Me_7849.xls,Honeyme160,Honeyme400,Honeyme800,Honey_&_Me_SHST.xls
7851,Artistic Reflections,Artistic_Reflections,Artistic_Reflections_7851.xls,NorthAmerican160,NorthAmerican400,NorthAmerican800,Artistic_Reflections_SHST.xls
7862,Designs Combined,Designs_Combined,Designs_Combined_7862.xls,DCI160,DCI400,DCI800,Designs_Combined_SHST.xls
7864,JJ Potts Garden,JJ_Potts_Garden,JJ_Potts_Garden_7864.xls,JJPotts160,JJPotts400,,
7871,Shea's Wildflower Company,Shea's_Wildflower_Company,Shea's_Wildflower_Company_7871.xls,Sheas160,Sheas400,Sheas800,
7874,Hip Signs for Cool Folks,Hip_Signs_for_Cool_Folks,Hip_Signs_for_Cool_Folks_7874.xls,Hipsigns160,Hipsigns400,,
7880,Sallyeander Soaps,Sallyeander_Soaps,Sallyeander_Soaps_7880.xls,Sally160,Sally400,,Sallyeander_Soaps_SHST.xls
7883,Channel Craft,Channel_Craft,Channel_Craft_7883.xls,Channel160,Channel400,Channel800,
7886,Debry Jewelry,Debry_Jewelry,Debry_Jewelry_7886.xls,Debry160,Debry400,Debry800,
7893,A Cheerful Giver,A_Cheerful_Giver,A_Cheerful_Giver_7893.xls,ACG160,ACG400,ACG800,A_Cheerful_Giver_SHST.xls
7894,Homespice Décor,Homespice_Decor,Homespice_Décor_7894.xls,Homespice160,Homespice400,Homespice800,
7898,KMI International,KMI_International,KMI_International_7898.xls,KMI160,KMI400,KMI800,KMI_ SHST.xls
7900,Wing Tai Trading,Wing_Tai_Trading,Wing_Tai_Trading_7900.xls,WingTai160,WingTai400,WingTai800,
7905,Heartwood Hollow Signs,Heartwood_Hollow_Signs,Heartwood_Hollow_Signs_7905.xls,Heartwood160,Heartwood400,Heartwood800,
7908,JanMichael's Crafts,JanMichaels_Crafts,JanMichael's_Crafts_7908.xls,JanMichael160,JanMichael400,JanMichael800,JanMichael's_Art_&_Home_Products_SHST.xls
7909,North Country Wind Bells,North_Country_Wind_Bells,North_Country_Wind_Bells_7909.xls,Northcountry160,Northcountry400,,
7910,Lillie May Naturals Soap,Lillie_May_Naturals_Soap,Lillie_May_Naturals_Soap_7910.xls,Lillie160,Lillie400,Lillie800,
7911,Ann Clark Cookie Cutters,Ann_Clark_Cookie_Cutters,Ann_Clark_Cookie_Cutters_7911.xls,AnnClark160,AnnClark400,AnnClark800,Ann_Clark_Cookie_Cutters_SHST.xls
7912,Benson Country Packaging,Benson_Country_Packaging,Benson_Country_Packaging_7912.xls,Benson160,Benson400,,
7914,Lyons Baskets,Lyons_Baskets,Lyons_Baskets_7914.xls,Lyons160,Lyons400,,
7916,Warm Glow Candles,Warm_Glow_Candles,Warm_Glow_Candles_7916.xls,WarmGlow160,WarmGlow400,WarmGlow800,Warm_Glow_Candles_SHST.xls
7920,CLM Enterprise Rugs,CLM_Enterprise_Rugs,CLM_Enterprise_Rugs_7920.xls,CLMRugs160,CLMRugs400,,
7921,The Country House Collection,The_Country_House_Collection,The_Country_House_Collection_7921.xls,TheCountryHouse160,TheCountryHouse400,TheCountryHouse800,The_Country_House_Collection_SHST.xls
7926,Gooseberry Patch Cookbooks,Gooseberry_Patch_Cookbooks,Gooseberry_Patch_Cookbooks_7926.xls,Gooseberry160,Gooseberry400,Gooseberry800,
7927,The Country House Closeouts,The_Country_House_Closeouts,The_Country_House_Closeouts_7927.xls,TheCountryHouse160,TheCountryHouse400,TheCountryHouse800,
7929,Blossom Bucket,Blossom_Bucket,Blossom_Bucket_7929.xls,Blossom160,Blossom400,Blossom800,Blossom_Bucket_SHST.xls
7931,Country Home Creations,Country_Home_Creations,Country_Home_Creations_7931.xls,CountryHome160,CountryHome400,CountryHome800,
7933,Chesapeake Bay & JD Yeatts,Chesapeake_Bay_&_JD_Yeatts,Chesapeake_Bay_&_JD_Yeatts_7933.xls,JDYEATTS160,JDYEATTS400,JDYEATTS800,
7934,ZAER International,ZAER_International,ZAER_International_7934.xls,Zaer160,Zaer400,,
7936,Coast Lamp Mfg.,Coast_Lamp_Mfg.,Coast_Lamp_Mfg._7936.xls,Coast160,Coast400,Coast800,
7942,Red Horse Signs,Red_Horse_Signs,Red_Horse_Signs_7942.xls,RedHorse160,RedHorse400,RedHorse800,
7947,Star Hollow Candle Co.,Star_Hollow_Candle_Co.,Star_Hollow_Candle_Co._7947.xls,StarHollow160,StarHollow400,StarHollow800,
7948,KT Framed Art,KT_Framed_Art,Pine_Valley_Plaques_7948.xls,PineVal_Plaques160,PineVal_Plaques400,PineVal_Plaques800,
7949,Miller Decor,Miller_Decor,Miller_Decor_7949.xls,Millers160,Millers400,Millers800,Miller_Decor_SHST.xls
7950,Impressions on Market,Impressions_on_Market,Impressions_on_Market_7950.xls,Impressions160,Impressions400,Impressions800,Impressions_on_Market_SHST.xls
7952,DNS Designs,DNS_Designs,DNS_Designs_7952.xls,DNS160,DNS400,DNS800,DNS_Designs_SHST.xls
7957,Adams & Co Closeouts,Adams_Co_Closeouts,Adams_&_Co_Closeouts_7957.xls,Adams160,Adams400,Adams800,
7958,Whiskey Mountain,Whiskey_Mountain,Whiskey_Mountain_7958.xls,WhiskeyMtn160,WhiskeyMtn400,WhiskeyMtn800,Whiskey_Mountain_SHST.xls
7959,Frog on a Limb Primitives Soy Candles,Frog_on_a_Limb_Primitives_Soy_Candles,Frog_on_a_Limb_Primitives_Soy_Candles_7959.xls,FrogLimb160,FrogLimb400,FrogLimb800,
7960,Capitol Discounted Closeouts,Capitol_Discounted_Closeouts,Capitol_Discounted_Closeouts_7960.xls,Cap 160,Cap 400,Cap 800,
7961,Designs Combined Closeouts,Designs_Combined_Closeouts,Designs_Combined_Closeouts_7961.xls,DCI160,DCI400,DCI800,
7962,Peaceful Village Jewelry,Peaceful_Village_Jewelry,Peaceful_Village_Jewelry_7962.xls,PeacefulVillage160,PeacefulVillage400,PeacefulVillage800,
7964,Objects With Purpose Candles,Objects_With_Purpose_Candles,Objects_With_Purpose_Candles_7964.xls,owp160,owp400,owp800,
7966,Cedar Mesa Pottery,Cedar_Mesa_Pottery,Cedar_Mesa_Pottery_7966.xls,cedarmesa160,cedarmesa400,cedarmesa800,
7967,Ragon House Collection,Ragon_House_Collection,Ragon_House_Collection_7967.xls,Ragon160,Ragon400,Ragon800,Ragon_House_Collection_SHST.xls
7968,Capabunga Wine Products,Capabunga_Wine_Products,Capabunga_Wine_Products_7968.xls,Capabunga160,Capabunga400,Capabunga800,Capabunga_SHST.xls
7969,Beyond Borders,Beyond_Borders,Beyond_Borders_7969.xls,Beyond160,Beyond400,Beyond800,Beyond_Borders_SHST.xls
7970,Colonial Thymes Candles,Colonial_Thymes_Candles,Colonial_Thymes_Candles_7970.xls,ColonialThymes160,ColonialThymes400,ColonialThymes800,
7971,Cheasapeake /JD Yeatts Closeouts,Cheasapeake_-JD_Yeatts_Closeouts,Cheasapeake_&JD_Yeatts_Closeouts_7971.xls,JDYEATTS160,JDYEATTS400,JDYEATTS800,
7972,Passport Candles,Passport_Candles,Passport_Candles_7972.xls,Passport160,Passport400,Passport800,
7974,Pine Creek Four Corners,Pine_Creek_Four_Corners,Pine_Creek_Four_Corners_7974.xls,PineCreek160,PineCreek400,PineCreek800,Pine_Creek_Four_Corners_Products_SHST.xls
7976,Brazos Walking Sticks,Brazos_Walking_Sticks,Brazos_Walking_Sticks_7976.xls,Brazos160,Brazos400,Brazos800,
7979,Jones' Rustic Signs,Jones'_Rustic_Signs,Jones'_Rustic_Signs_7979.xls,jonesigns160,jonesigns400,jonesigns800,
7980,A Homestead Shoppe,A_Homestead_Shoppe,A_Homestead_Shoppe_7980.xls,ahs160,ahs400,ahs800,
7981,Deb & Co. Handmade Ornaments,Deb_&_Co._Handmade_Ornaments,Deb_&_Co._Handmade_Ornaments_7981.xls,Debanco160,Debanco400,Debanco800,
7984,Magic Fairy Candles,Magic_Fairy_Candles,Magic_Fairy_Candles_7984.xls,magicfairy160,magicfairy400,magicfairy800,
7985,Rowe Pottery,Rowe_Pottery,Rowe_Pottery_7985.xls,rowepottery160,rowepottery400,rowepottery800,
7986,Honey House Naturals,Honey_House_Naturals,Honey_House_Naturals_7986.xls,honeyhouse160,honeyhouse400,honeyhouse800,Honey_House_Naturals_SHST.xls
7987,Rose of Sharon Home Fragrances,Rose_of_Sharon_Home_Fragrances,Rose_of_Sharon_Home_Fragrances_7987.xls,Roseofsharon160,Roseofsharon400,Roseofsharon800,Rose_of_Sharon_Home_Fragrances_SHST.xls
7988,Carson Home Accents,Carson_Home_Accents,Carson_Home_Accents_7988.xls,Carson160,Carson400,Carson800,Carson_Home_Accents_SHST.xls
7989,Craft Outlet - Olde Memories,Craft_Outlet_-_Olde_Memories,Craft_Outlet_-_Olde_Memories_7989.xls,CraftOutlet160,CraftOutlet400,CraftOutlet800,
7990,Black Crow Candles,Black_Crow_Candles,Black_Crow_Candles_7990.xls,blackcrow160,blackcrow400,blackcrow800,Black_Crow_Candles_SHST.xls
7992,Cowgirl Chocolates,Cowgirl_Chocolates,Cowgirl_Chocolates_7992.xls,cowgirl160,cowgirl400,cowgirl800,
7996,Special T Imports,Special_T_Imports,Special_T_Imports_7996.xls,specialtimports160,specialtimports400,specialtimports800,Special_T_Imports_SHST.xls
7997,Uniquely Coastal,Uniquely_Coastal,Uniquely_Coastal_7997.xls,beachcomber160,beachcomber400,beachcomber800,
8003,Lighthouse Products,Lighthouse_Products,Lighthouse_Products_8003.xls,Lighthouse160,Lighthouse400,Lighthouse800,
8005,Bittersweet Springs Metal,Bittersweet_Springs_Metal,Bittersweet_Springs_Metal_8005.xls,Bittersweet160,Bittersweet400,Bittersweet800,Bittersweetspring_SHST.xls
8006,Beach Frames,Beach_Frames,Beach_Frames_8006.xls,Beachframes160,Beachframes400,Beachframes800,
8007,Primitives at Crow Hollow,Primitives_at_Crow_Hollow,Primitives_at_Crow_Hollow_8007.xls,PrimitiveCrow160,PrimitiveCrow400,PrimitiveCrow800,
8008,Carson Home Accents Closeouts,Carson_Home_Accents_Closeouts,Carson_Home_Accents_Closeouts_8008.xls,Carson160,Carson400,Carson800,
8009,Golden Hill Studios,Golden_Hill_Studios,Golden_Hill_Studios_8009.xls,GoldenHill160,GoldenHill400,GoldenHill800,
8010,JB Naturals,JB_Naturals,JB_Naturals_8010.xls,jbnaturals160,jbnaturals400,jbnaturals800,
8011,Barn Candles,Barn_Candles,Barn_Candles_8011.xls,barn160,barn400,barn800,Barn_Candles_SHST.xls
8012,Carson Home - Flags,Carson_Home_Flags,Carson_Home_-_Flags_8012.xls,Carson160,Carson400,Carson800,
8013,Flameless Candles,Flameless_Candles,Flameless_Candles_8013.xls,flameless160,flameless400,flameless800,
8014,Desma Group Home & Gift,Desma_Group_Home_&_Gift,Desma_Group_Home_&_Gift_8014.xls,desma160,desma400,desma800,
8016,Northlight Seasonal,Northlight_Seasonal,Northlight_Seasonal_8016.xls,northlight160,northlight400,northlight800,
8017,Simply Vintage Soy Candles,Simply_Vintage_Soy_Candles,Simply_Vintage_Soy_Candles_8017.xls,simplyvintage160,simplyvintage400,simplyvintage800,Simply_Vintage_Soy_SHST.xls
8018,American Dakota Rugs,American_Dakota_Rugs,American_Dakota_Rugs_8018.xls,Dakota160,Dakota400,Dakota800,American_Dakota_Rugs_SHST.xls
8020,Kraft Klub,Kraft_Klub,Kraft_Klub_8020.xls,kraftklub160,kraftklub400,kraftklub800,Kraft_Klub_SHST.xls
8022,Desperate Tin Signs,Desperate_Tin_Signs,Desperate_Tin_Signs_8022.xls,desperate160,desperate400,desperate800,Desperate_Tin_Signs_SHST.xls
8023,Darren Gygi Canvas Art,Darren_Gygi_Canvas_Art,Darren_Gygi_Canvas_Art_8023.xls,gygi160,gygi400,gygi800,
8028,Sea Stones Products,Sea_Stones_Products,Sea_Stones_Products_8028.xls,seastone160,seastone400,seastone800,
8029,Delton Products,Delton_Products,Delton_Products_8029.xls,delton160,delton400,delton800,Delton_Products_SHST.xls
8030,Bright Ideas,Bright_Ideas,Bright_Ideas_8030.xls,brightideas160,brightideas400,brightideas800,Bright_Ideas_SHST.xls
8031,McCall's Candles,McCall's_Candles,McCall's_Candles_8031.xls,mccandles160,mccandles400,mccandles800,McCall's_Candles_SHST.xls
8032,The French Bee,The_French_Bee,The_French_Bee_8032.xls,frenchbee160,frenchbee400,frenchbee800,
8033,Colorful Garden Flags,Colorful_Garden_Flags,Colorful_Garden_Flags_8033.xls,colorfulgarden160,colorfulgarden400,colorfulgarden800,
8034,Raggedy Junction,Raggedy_Junction,Raggedy_Junction_8034.xls,raggedy160,raggedy400,raggedy800,
8038,Delton Products Closeouts,Delton_Products_Closeouts,Delton_Products_Closeouts_8038.xls,delton160,delton400,delton800,
8039,The Crafters Loft,The_Crafters_Loft,The_Crafters_Loft_8039.xls,craftersloft160,craftersloft400,craftersloft800,The_Crafters_Loft_SHST.xls
8040,Fiber & Water Framed Art,Fiber_&_Water_Framed_Art,Fiber_&_Water_Framed_Art_8040.xls,fibernwater160,fibernwater400,fibernwater800,
8041,Rustic Treasures,Rustic_Treasures,Rustic_Treasures_8041.xls,Rustictreasures160,Rustictreasures400,Rustictreasures800,
8042,Kraft Klub Closeouts,Kraft_Klub_Closeouts,Kraft_Klub_Closeouts_8042.xls,kraftklub160,kraftklub400,kraftklub800,
8043,Blossom Bucket Closeouts,Blossom_Bucket_Closeouts,Blossom_Bucket_Closeouts_8043.xls,Blossom160,Blossom400,Blossom800,
8045,Albert Estate LTD,Albert_Estate_LTD,Albert_Estate_LTD_8045.xls,Albert160,Albert400,Albert800,
8046,Stony Creek at Home,Stony_Creek_at_Home,Stony_Creek_at_Home_8046.xls,stonycreek160,stonycreek400,,
8047,VIP International Home & Garden,VIP_International_Home_&_Garden,VIP_International_Home_&_Garden_8047.xls,VIP160,VIP400,VIP800,VIP_Home_and_Garden_Products_SHST.xls
8049,Concepts in Time,Concepts_in_Time,Concepts_in_Time_8049.xls,Concepts160,Concepts400,Concepts800,
8050,Home Collections by Raghu Closeouts,Home_Collections_by_Raghu_Closeouts,Home_Collections_by_Raghu_Closeouts_8050.xls,Raghu160,Raghu400,Raghu800,
8051,Surf's Up Candles,Surf's_Up_Candles,Surf's_Up_Candles_8051.xls,Surfs160,Surfs400,Surfs800,
8055,PD Home & Garden,PD_Home_&_Garden,PD_Home_&_Garden_8055.xls,PDHome160,PDHome400,PDHome800,
8056,Special T Imports Closeouts,Special_T_Imports_Closeouts,Special_T_Imports_Closeouts_8056.xls,specialtimports160,specialtimports400,specialtimports800,
8057,Hanna's Handiworks,Hanna's_Handiworks,Hanna's_Handiworks_8057.xls,Hannas160,Hannas400,Hannas800,Hanna's_Handiworks_SHST.xls
8058,Hanna's Handiworks Closeouts,Hanna's_Handiworks_Closeouts,Hanna's_Handiworks_Closeouts_8058.xls,Hannas160,Hannas400,Hannas800,
8059,Market Street Wholesale,Market_Street_Wholesale,Market_Street_Wholesale_8059.xls,olivias160,olivias400,olivias800,Market_Street_Wholesale_SHST.xls
8061,Wholesale Home Decor Closeouts,Wholesale_Home_Decor_Closeouts,Wholesale_Home_Decor_Closeouts_8061.xls,Harv160,Harv400,Harv800,Wholesale_Home_Decor_Products_SHST.xls
8062,VIP Home & Garden Discount Closeouts,VIP_Home_&_Garden_Discount_Closeouts,VIP_Home_&_Garden_Discount_Closeouts_8062.xls,VIP160,VIP400,VIP800,
8064,Audrey's Closeouts and Sale,Audrey's_Closeouts_and_Sale,Audrey's_Closeouts_and_Sale_8064.xls,Audreys400a,Audreys160,Audreys800,
8065,Primitives by Kathy 50% Off Closeouts,Primitives_by_Kathy_50_Off_Closeouts,Primitives_by_Kathy_50%_Off_Closeouts_8065.xls,PBK160,PBK400,PBK800,
8066,Timeless By Design Closeouts,Timeless_By_Design_Closeouts,Timeless_By_Design_Closeouts_8066.xls,Timeless400,Timeless160,Timeless800,
8067,Timeless By Design,Timeless_By_Design,Timeless_By_Design_8067.xls,Timeless400,Timeless160,Timeless800,
8068,Mullberry Home Wholesale,Mullberry_Home_Wholesale,Mullberry_Home_Wholesale_8068.xls,Mulberry160,Mulberry400,Mulberry800,Mullberry_Home_Wholesale_SHST.xls
8069,GAR Wholesale Inc.,GAR_Wholesale_Inc.,GAR_Wholesale_Inc._8069.xls,GAR160,GAR400,GAR800,
8070,Knotty Expressions,Knotty_Expressions,Knotty_Expressions_8070.xls,Knotty160,Knotty400,Knotty800,
8071,Irvin's Tinware,Irvin's_Tinware,Irvin's_Tinware_8071.xls,Irvins160,Irvins400,Irvins800,Irvin's_Tinware_SHST.xls
8072,Flags Galore Decor,Flags_Galore_Decor,Flags_Galore_Decor_8072.xls,FlagsGaloreDecor160,FlagsGaloreDecor400,FlagsGaloreDecor800,Flag_Galore_Decor_SHST.xls
8073,JanMichael's Home Closeout Sale,JanMichael's_Home_Closeout_Sale,JanMichael's_Home_Closeout_Sale_8073.xls,JanMichael160,JanMichael400,JanMichael800,
8074,Barn Cat Mercantile,Barn_Cat_Mercantile,Barn_Cat_Mercantile_8074.xls,Barncat160,Barncat400,Barncat800,Barn_Cat_Mercantile_SHST.xls
8076,Crossroads Candles,Crossroads_Candles,Crossroads_Candles_8076.xls,Crossroads160,Crossroads400,Crossroads800,Crossroads_Candles_SHST.xls
8077,Papas Candle Shoppe,Papas_Candle_Shoppe,Papas_Candle_Shoppe,Papas_Candle_Shoppe_8077.xls,,,
8078,,,,,,,
