06-201-RED,06-201-One-Dad-1RED.jpg,06-201-One-Dad-1RED,06-201-RED.jpg,,,https://www.waresitat.com/data/productftp/Poorboys800/06-201-One-Dad-1RED.jpg
06-224-BLK,06-224-Don't-forget-to-flush-2BLK.jpg,06-224-Don't-forget-to-flush-2BLK,06-224-BLK.jpg,,,https://www.waresitat.com/data/productftp/Poorboys800/06-224-Don't-forget-to-flush-2BLK.jpg
06-224-PWT,06-224-Don't-forget-to-flush-4PWT.jpg,06-224-Don't-forget-to-flush-4PWT,06-224-PWT.jpg,,,https://www.waresitat.com/data/productftp/Poorboys800/06-224-Don't-forget-to-flush-4PWT.jpg
06-224-RED,06-224-Don't-forget-to-flush-1RED.jpg,06-224-Don't-forget-to-flush-1RED,06-224-RED.jpg,06-224-Don't-forget-to-flush-1RED,,https://www.waresitat.com/data/productftp/Poorboys800/06-224-Don't-forget-to-flush-1RED.jpg
06-224-TAN,06-224-Don't-forget-to-flush-3TAN.jpg,06-224-Don't-forget-to-flush-3TAN,06-224-TAN.jpg,,,https://www.waresitat.com/data/productftp/Poorboys800/06-224-Don't-forget-to-flush-3TAN.jpg
06-270-BLK,06-270-Wine-a-bit-you'll-feel-better-2BLK.jpg,06-270-Wine-a-bit-you'll-feel-better-2BLK,06-270-BLK.jpg,,,https://www.waresitat.com/data/productftp/Poorboys800/06-270-Wine-a-bit-you'll-feel-better-2BLK.jpg
06-270-PWT,06-270-Wine-a-bit-you'll-feel-better-4PWT.jpg,06-270-Wine-a-bit-you'll-feel-better-4PWT,06-270-PWT.jpg,,,https://www.waresitat.com/data/productftp/Poorboys800/06-270-Wine-a-bit-you'll-feel-better-4PWT.jpg
06-270-RED,06-270-Wine-a-bit-you'll-feel-better-1RED.jpg,06-270-Wine-a-bit-you'll-feel-better-1RED,06-270-RED.jpg,,,https://www.waresitat.com/data/productftp/Poorboys800/06-270-Wine-a-bit-you'll-feel-better-1RED.jpg
06-270-TAN,06-270-Wine-a-bit-you'll-feel-better-3TAN.jpg,06-270-Wine-a-bit-you'll-feel-better-3TAN,06-270-TAN.jpg,,,https://www.waresitat.com/data/productftp/Poorboys800/06-270-Wine-a-bit-you'll-feel-better-3TAN.jpg
06-272-BLK,06-272-You-can't-fix-stupid-2BLK.jpg,06-272-You-can't-fix-stupid-2BLK,06-272-BLK.jpg,,,https://www.waresitat.com/data/productftp/Poorboys800/06-272-You-can't-fix-stupid-2BLK.jpg
06-272-PWT,06-272-You-can't-fix-stupid-4PWT.jpg,06-272-You-can't-fix-stupid-4PWT,06-272-PWT.jpg,,,https://www.waresitat.com/data/productftp/Poorboys800/06-272-You-can't-fix-stupid-4PWT.jpg
06-272-RED,06-272-You-can't-fix-stupid-1RED.jpg,06-272-You-can't-fix-stupid-1RED,06-272-RED.jpg,,,https://www.waresitat.com/data/productftp/Poorboys800/06-272-You-can't-fix-stupid-1RED.jpg
06-272-TAN,06-272-You-can't-fix-stupid-3TAN.jpg,06-272-You-can't-fix-stupid-3TAN,06-272-TAN.jpg,,,https://www.waresitat.com/data/productftp/Poorboys800/06-272-You-can't-fix-stupid-3TAN.jpg
11-006,11-006 ALL-I-NEED-IS-COFFEE-&-JESUS.jpg,11-006 ALL-I-NEED-IS-COFFEE-&-JESUS,11-006.jpg,,,https://www.waresitat.com/data/productftp/Poorboys800/11-006 ALL-I-NEED-IS-COFFEE-&-JESUS.jpg
11-007,11-007 you-can't-drink-all-day.jpg,11-007 you-can't-drink-all-day,11-007.jpg,,,https://www.waresitat.com/data/productftp/Poorboys800/11-007 you-can't-drink-all-day.jpg
11-010,11-010 I'm-sorry-rolled-eyes.jpg,11-010 I'm-sorry-rolled-eyes,11-010.jpg,,,https://www.waresitat.com/data/productftp/Poorboys800/11-010 I'm-sorry-rolled-eyes.jpg
11-013,11-013 I'm-a-mom.jpg,11-013 I'm-a-mom,11-013.jpg,,,https://www.waresitat.com/data/productftp/Poorboys800/11-013 I'm-a-mom.jpg
11-014,11-014 I'm-a-nurse.jpg,11-014 I'm-a-nurse,11-014.jpg,,,https://www.waresitat.com/data/productftp/Poorboys800/11-014 I'm-a-nurse.jpg
11-015,11-015 I'm-a-teacher.jpg,11-015 I'm-a-teacher,11-015.jpg,,,https://www.waresitat.com/data/productftp/Poorboys800/11-015 I'm-a-teacher.jpg
11-019,11-019 I'm-outdoorsy.jpg,11-019 I'm-outdoorsy,11-019.jpg,,,https://www.waresitat.com/data/productftp/Poorboys800/11-019 I'm-outdoorsy.jpg
11-020,"11-020 relax,-we're-all-crazy-here.jpg","11-020 relax,-we're-all-crazy-here",11-020.jpg,,,"https://www.waresitat.com/data/productftp/Poorboys800/11-020 relax,-we're-all-crazy-here.jpg"
11-022,11-022 I-don't-get-drunk.jpg,11-022 I-don't-get-drunk,11-022.jpg,,,https://www.waresitat.com/data/productftp/Poorboys800/11-022 I-don't-get-drunk.jpg
12-204,12-204-this-is-everything-I've-ever-wanted.jpg,12-204-this-is-everything-I've-ever-wanted,12-204.jpg,,,https://www.waresitat.com/data/productftp/Poorboys800/12-204-this-is-everything-I've-ever-wanted.jpg
12-704,12-704-I'm-dreaming-of-a-farmhouse-christmas-GREYSCALE.jpg,12-704-I'm-dreaming-of-a-farmhouse-christmas-GREYSCALE,12-704.jpg,,,https://www.waresitat.com/data/productftp/Poorboys800/12-704-I'm-dreaming-of-a-farmhouse-christmas-GREYSCALE.jpg
12-705,12-705-I'm-dreaming-of-a-farmhouse-christmas.jpg,12-705-I'm-dreaming-of-a-farmhouse-christmas,12-705.jpg,,,https://www.waresitat.com/data/productftp/Poorboys800/12-705-I'm-dreaming-of-a-farmhouse-christmas.jpg
12-706,12-706-it's-the-most-wonderful-time-of-the-year.jpg,12-706-it's-the-most-wonderful-time-of-the-year,12-706.jpg,,,https://www.waresitat.com/data/productftp/Poorboys800/12-706-it's-the-most-wonderful-time-of-the-year.jpg
13-403,13-403-i'll-choose-you.jpg,13-403-i'll-choose-you,13-403.jpg,,,https://www.waresitat.com/data/productftp/Poorboys800/13-403-i'll-choose-you.jpg
14-002-WHT,14-002-All-of-me-loves-all-of-you-blk.jpg,14-002-All-of-me-loves-all-of-you-blk,14-002-WHT.jpg,,,https://www.waresitat.com/data/productftp/Poorboys800/14-002-All-of-me-loves-all-of-you-blk.jpg
14-003-BLK,14-003-These-are-a-few-black.jpg,14-003-These-are-a-few-black,14-003-BLK.jpg,,,https://www.waresitat.com/data/productftp/Poorboys800/14-003-These-are-a-few-black.jpg
14-005-BLK,14-005-Todays-moments-black.jpg,14-005-Todays-moments-black,14-005-BLK.jpg,,,https://www.waresitat.com/data/productftp/Poorboys800/14-005-Todays-moments-black.jpg
14-018-PNK,14-018-Twinkle-twinkle-pink.jpg,14-018-Twinkle-twinkle-pink,14-018-PNK.jpg,,,https://www.waresitat.com/data/productftp/Poorboys800/14-018-Twinkle-twinkle-pink.jpg
14-031,14-031-this-is-everything-i've-ever-wanted.jpg,14-031-this-is-everything-i've-ever-wanted,14-031.jpg,,,https://www.waresitat.com/data/productftp/Poorboys800/14-031-this-is-everything-i've-ever-wanted.jpg
14-045,"14-045-if-you-have-crazy-friends,-you-have-everything.jpg","14-045-if-you-have-crazy-friends,-you-have-everything",14-045.jpg,,,"https://www.waresitat.com/data/productftp/Poorboys800/14-045-if-you-have-crazy-friends,-you-have-everything.jpg"
14-048,14-048-mr-&-mrs-2020.jpg,14-048-mr-&-mrs-2020,14-048.jpg,,,https://www.waresitat.com/data/productftp/Poorboys800/14-048-mr-&-mrs-2020.jpg
16-401-BLU,16-401-There's-no-place-like-custom---BLU.jpg,16-401-There's-no-place-like-custom---BLU,16-401-BLU.jpg,,,https://www.waresitat.com/data/productftp/Poorboys800/16-401-There's-no-place-like-custom---BLU.jpg
16-401-COR,16-401-There's-no-place-like-custom---COR.jpg,16-401-There's-no-place-like-custom---COR,16-401-COR.jpg,,,https://www.waresitat.com/data/productftp/Poorboys800/16-401-There's-no-place-like-custom---COR.jpg
16-401-SEA,14-004-These-are-a-few-white.jpg,14-004-These-are-a-few-white,16-401-SEA.jpg,,,https://www.waresitat.com/data/productftp/Poorboys800/14-004-These-are-a-few-white.jpg
16-401-WHT,16-401-There's-no-place-like-custom---WHT.jpg,16-401-There's-no-place-like-custom---WHT,16-401-WHT.jpg,,,https://www.waresitat.com/data/productftp/Poorboys800/16-401-There's-no-place-like-custom---WHT.jpg
16-402-BLU,16-402-At-the-beach-custom---GRN.jpg,16-402-At-the-beach-custom---GRN,16-402-BLU.jpg,,,https://www.waresitat.com/data/productftp/Poorboys800/16-402-At-the-beach-custom---GRN.jpg
16-407-COR,16-407-Go-where-you-feel-most-alive-custom---LTB-.jpg,16-407-Go-where-you-feel-most-alive-custom---LTB-,16-407-COR.jpg,,,https://www.waresitat.com/data/productftp/Poorboys800/16-407-Go-where-you-feel-most-alive-custom---LTB-.jpg
16-409-BLU,16-409-It's-a-lake-thing-custom---BLU.jpg,16-409-It's-a-lake-thing-custom---BLU,16-409-BLU.jpg,,,https://www.waresitat.com/data/productftp/Poorboys800/16-409-It's-a-lake-thing-custom---BLU.jpg
16-409-WHT,16-409-It's-a-lake-thing-custom---WHT.jpg,16-409-It's-a-lake-thing-custom---WHT,16-409-WHT.jpg,,,https://www.waresitat.com/data/productftp/Poorboys800/16-409-It's-a-lake-thing-custom---WHT.jpg
16-410-BLU,16-410-It's-a-Shore-thing-custom---LTB.jpg,16-410-It's-a-Shore-thing-custom---LTB,16-410-BLU.jpg,,,https://www.waresitat.com/data/productftp/Poorboys800/16-410-It's-a-Shore-thing-custom---LTB.jpg
16-413-BLU,16-413-The-beach-is-calling-custom---LTB.jpg,16-413-The-beach-is-calling-custom---LTB,16-413-BLU.jpg,,,https://www.waresitat.com/data/productftp/Poorboys800/16-413-The-beach-is-calling-custom---LTB.jpg
16-414-BLU,16-414-The-best-memories-are-made-at---LTB.jpg,16-414-The-best-memories-are-made-at---LTB,16-414-BLU.jpg,,,https://www.waresitat.com/data/productftp/Poorboys800/16-414-The-best-memories-are-made-at---LTB.jpg
16-508-WHT,16-508-I-believe-Heaven-has-a-dock---BLU.jpg,16-508-I-believe-Heaven-has-a-dock---BLU,16-508-WHT.jpg,,,https://www.waresitat.com/data/productftp/Poorboys800/16-508-I-believe-Heaven-has-a-dock---BLU.jpg
16-512-BLU,16-512-It's-a-lake-thing---BLU.jpg,16-512-It's-a-lake-thing---BLU,16-512-BLU.jpg,,,https://www.waresitat.com/data/productftp/Poorboys800/16-512-It's-a-lake-thing---BLU.jpg
16-512-WHT,16-512-It's-a-lake-thing---WHT.jpg,16-512-It's-a-lake-thing---WHT,16-512-WHT.jpg,,,https://www.waresitat.com/data/productftp/Poorboys800/16-512-It's-a-lake-thing---WHT.jpg
16-601-COR,16-601-An-ocean-breeze-puts-the-mind-at-ease---LTB.jpg,16-601-An-ocean-breeze-puts-the-mind-at-ease---LTB,16-601-COR.jpg,,,https://www.waresitat.com/data/productftp/Poorboys800/16-601-An-ocean-breeze-puts-the-mind-at-ease---LTB.jpg
16-602-COR,16-602-At-the-beach---GRN.jpg,16-602-At-the-beach---GRN,16-602-COR.jpg,,,https://www.waresitat.com/data/productftp/Poorboys800/16-602-At-the-beach---GRN.jpg
16-604-COR,16-604-Beach-happy---GRN.jpg,16-604-Beach-happy---GRN,16-604-COR.jpg,,,https://www.waresitat.com/data/productftp/Poorboys800/16-604-Beach-happy---GRN.jpg
16-605-COR,16-605-Beach-life-is-the-best-life---LTB.jpg,16-605-Beach-life-is-the-best-life---LTB,16-605-COR.jpg,,,https://www.waresitat.com/data/productftp/Poorboys800/16-605-Beach-life-is-the-best-life---LTB.jpg
16-608-COR,16-608-Drink-in-hand...-toes-in-sand---COR.jpg,16-608-Drink-in-hand...-toes-in-sand---COR,16-608-COR.jpg,,,https://www.waresitat.com/data/productftp/Poorboys800/16-608-Drink-in-hand...-toes-in-sand---COR.jpg
16-612-COR,16-612-I-wanna-soak-up-the---LTB.jpg,16-612-I-wanna-soak-up-the---LTB,16-612-COR.jpg,,,https://www.waresitat.com/data/productftp/Poorboys800/16-612-I-wanna-soak-up-the---LTB.jpg
16-614-COR,16-614-It's-a-shore-thing---SUN.jpg,16-614-It's-a-shore-thing---SUN,16-614-COR.jpg,,,https://www.waresitat.com/data/productftp/Poorboys800/16-614-It's-a-shore-thing---SUN.jpg
16-616-COR,16-616-Keep-calm-and-beach-on.jpg,16-616-Keep-calm-and-beach-on,16-616-COR.jpg,,,https://www.waresitat.com/data/productftp/Poorboys800/16-616-Keep-calm-and-beach-on.jpg
16-617-COR,16-617-Let-the-sand-set-you-free---GRN.jpg,16-617-Let-the-sand-set-you-free---GRN,16-617-COR.jpg,,,https://www.waresitat.com/data/productftp/Poorboys800/16-617-Let-the-sand-set-you-free---GRN.jpg
16-618-COR,16-618-Life-is-better-in-flip-flops---GRN.jpg,16-618-Life-is-better-in-flip-flops---GRN,16-618-COR.jpg,,,https://www.waresitat.com/data/productftp/Poorboys800/16-618-Life-is-better-in-flip-flops---GRN.jpg
16-620-COR,16-620-Love-anchors-the-soul---BLU.jpg,16-620-Love-anchors-the-soul---BLU,16-620-COR.jpg,,,https://www.waresitat.com/data/productftp/Poorboys800/16-620-Love-anchors-the-soul---BLU.jpg
16-621-COR,16-621-Peace-love-and-sandy-feet---GRN.jpg,16-621-Peace-love-and-sandy-feet---GRN,16-621-COR.jpg,,,https://www.waresitat.com/data/productftp/Poorboys800/16-621-Peace-love-and-sandy-feet---GRN.jpg
16-622-COR,16-622-Relax-you're-on-beach-time---BLU.jpg,16-622-Relax-you're-on-beach-time---BLU,16-622-COR.jpg,,,https://www.waresitat.com/data/productftp/Poorboys800/16-622-Relax-you're-on-beach-time---BLU.jpg
16-623-COR,16-623-Saltwater-is-the-best-medicine---BLU.jpg,16-623-Saltwater-is-the-best-medicine---BLU,16-623-COR.jpg,,,https://www.waresitat.com/data/productftp/Poorboys800/16-623-Saltwater-is-the-best-medicine---BLU.jpg
16-624-COR,16-624-Sandy-toes-and-salty-kisses---GRN.jpg,16-624-Sandy-toes-and-salty-kisses---GRN,16-624-COR.jpg,,,https://www.waresitat.com/data/productftp/Poorboys800/16-624-Sandy-toes-and-salty-kisses---GRN.jpg
16-625-COR,16-625-The-beach-is-calling-and-I-must-go---GRN.jpg,16-625-The-beach-is-calling-and-I-must-go---GRN,16-625-COR.jpg,,,https://www.waresitat.com/data/productftp/Poorboys800/16-625-The-beach-is-calling-and-I-must-go---GRN.jpg
16-627-COR,16-627-The-best-memories-are-made-at-the-beach---LTB.jpg,16-627-The-best-memories-are-made-at-the-beach---LTB,16-627-COR.jpg,,,https://www.waresitat.com/data/productftp/Poorboys800/16-627-The-best-memories-are-made-at-the-beach---LTB.jpg
16-628-COR,16-628-Weekend-forecast-100-beach---GRN.jpg,16-628-Weekend-forecast-100-beach---GRN,16-628-COR.jpg,,,https://www.waresitat.com/data/productftp/Poorboys800/16-628-Weekend-forecast-100-beach---GRN.jpg
16-630-COR,16-630-what's-up-beaches---LTB.jpg,16-630-what's-up-beaches---LTB,16-630-COR.jpg,,,https://www.waresitat.com/data/productftp/Poorboys800/16-630-what's-up-beaches---LTB.jpg
19-498-BLK,19-498-Coffee-you're-on-the-bench-wine-you're-up---BLK.jpg,19-498-Coffee-you're-on-the-bench-wine-you're-up---BLK,19-498-BLK.jpg,,,https://www.waresitat.com/data/productftp/Poorboys800/19-498-Coffee-you're-on-the-bench-wine-you're-up---BLK.jpg
19-498-BLU,19-498-Coffee-you're-on-the-bench-wine-you're-up---BLU.jpg,19-498-Coffee-you're-on-the-bench-wine-you're-up---BLU,19-498-BLU.jpg,,,https://www.waresitat.com/data/productftp/Poorboys800/19-498-Coffee-you're-on-the-bench-wine-you're-up---BLU.jpg
19-498-GRY,19-498-Coffee-you're-on-the-bench-wine-you're-up---GRY.jpg,19-498-Coffee-you're-on-the-bench-wine-you're-up---GRY,19-498-GRY.jpg,,,https://www.waresitat.com/data/productftp/Poorboys800/19-498-Coffee-you're-on-the-bench-wine-you're-up---GRY.jpg
19-498-PWT,19-498-Coffee-you're-on-the-bench-wine-you're-up---PWT.jpg,19-498-Coffee-you're-on-the-bench-wine-you're-up---PWT,19-498-PWT.jpg,,,https://www.waresitat.com/data/productftp/Poorboys800/19-498-Coffee-you're-on-the-bench-wine-you're-up---PWT.jpg
19-498-RED,19-498-Coffee-you're-on-the-bench-wine-you're-up---RED.jpg,19-498-Coffee-you're-on-the-bench-wine-you're-up---RED,19-498-RED.jpg,,,https://www.waresitat.com/data/productftp/Poorboys800/19-498-Coffee-you're-on-the-bench-wine-you're-up---RED.jpg
19-501-BLK,19-501-Don't-ask-me-i-make-it-up-as-i-go---BLK.jpg,19-501-Don't-ask-me-i-make-it-up-as-i-go---BLK,19-501-BLK.jpg,,,https://www.waresitat.com/data/productftp/Poorboys800/19-501-Don't-ask-me-i-make-it-up-as-i-go---BLK.jpg
19-501-BLU,19-501-Don't-ask-me-i-make-it-up-as-i-go---BLU.jpg,19-501-Don't-ask-me-i-make-it-up-as-i-go---BLU,19-501-BLU.jpg,,,https://www.waresitat.com/data/productftp/Poorboys800/19-501-Don't-ask-me-i-make-it-up-as-i-go---BLU.jpg
19-501-GRY,19-501-Don't-ask-me-i-make-it-up-as-i-go---GRY.jpg,19-501-Don't-ask-me-i-make-it-up-as-i-go---GRY,19-501-GRY.jpg,,,https://www.waresitat.com/data/productftp/Poorboys800/19-501-Don't-ask-me-i-make-it-up-as-i-go---GRY.jpg
19-501-PWT,19-501-Don't-ask-me-i-make-it-up-as-i-go---PWT.jpg,19-501-Don't-ask-me-i-make-it-up-as-i-go---PWT,19-501-PWT.jpg,,,https://www.waresitat.com/data/productftp/Poorboys800/19-501-Don't-ask-me-i-make-it-up-as-i-go---PWT.jpg
19-501-RED,19-501-Don't-ask-me-i-make-it-up-as-i-go---RED.jpg,19-501-Don't-ask-me-i-make-it-up-as-i-go---RED,19-501-RED.jpg,,,https://www.waresitat.com/data/productftp/Poorboys800/19-501-Don't-ask-me-i-make-it-up-as-i-go---RED.jpg
19-508-BLK,19-508-I-hate-getting-up-at-stupid-o'clock---BLK.jpg,19-508-I-hate-getting-up-at-stupid-o'clock---BLK,19-508-BLK.jpg,,,https://www.waresitat.com/data/productftp/Poorboys800/19-508-I-hate-getting-up-at-stupid-o'clock---BLK.jpg
19-508-BLU,19-508-I-hate-getting-up-at-stupid-o'clock---BLU.jpg,19-508-I-hate-getting-up-at-stupid-o'clock---BLU,19-508-BLU.jpg,,,https://www.waresitat.com/data/productftp/Poorboys800/19-508-I-hate-getting-up-at-stupid-o'clock---BLU.jpg
19-508-GRY,19-508-I-hate-getting-up-at-stupid-o'clock---GRY.jpg,19-508-I-hate-getting-up-at-stupid-o'clock---GRY,19-508-GRY.jpg,,,https://www.waresitat.com/data/productftp/Poorboys800/19-508-I-hate-getting-up-at-stupid-o'clock---GRY.jpg
19-508-PWT,19-508-I-hate-getting-up-at-stupid-o'clock---PWT.jpg,19-508-I-hate-getting-up-at-stupid-o'clock---PWT,19-508-PWT.jpg,,,https://www.waresitat.com/data/productftp/Poorboys800/19-508-I-hate-getting-up-at-stupid-o'clock---PWT.jpg
19-508-RED,19-508-I-hate-getting-up-at-stupid-o'clock---RED.jpg,19-508-I-hate-getting-up-at-stupid-o'clock---RED,19-508-RED.jpg,,,https://www.waresitat.com/data/productftp/Poorboys800/19-508-I-hate-getting-up-at-stupid-o'clock---RED.jpg
19-514-BLK,19-514-I'm-a-mom-what's-your-super-power---BLK.jpg,19-514-I'm-a-mom-what's-your-super-power---BLK,19-514-BLK.jpg,,,https://www.waresitat.com/data/productftp/Poorboys800/19-514-I'm-a-mom-what's-your-super-power---BLK.jpg
19-514-BLU,19-514-I'm-a-mom-what's-your-super-power---BLU.jpg,19-514-I'm-a-mom-what's-your-super-power---BLU,19-514-BLU.jpg,,,https://www.waresitat.com/data/productftp/Poorboys800/19-514-I'm-a-mom-what's-your-super-power---BLU.jpg
19-514-GRY,19-514-I'm-a-mom-what's-your-super-power---GRY.jpg,19-514-I'm-a-mom-what's-your-super-power---GRY,19-514-GRY.jpg,,,https://www.waresitat.com/data/productftp/Poorboys800/19-514-I'm-a-mom-what's-your-super-power---GRY.jpg
19-514-PWT,19-514-I'm-a-mom-what's-your-super-power---PWT.jpg,19-514-I'm-a-mom-what's-your-super-power---PWT,19-514-PWT.jpg,,,https://www.waresitat.com/data/productftp/Poorboys800/19-514-I'm-a-mom-what's-your-super-power---PWT.jpg
19-514-RED,19-514-I'm-a-mom-what's-your-super-power---RED.jpg,19-514-I'm-a-mom-what's-your-super-power---RED,19-514-RED.jpg,,,https://www.waresitat.com/data/productftp/Poorboys800/19-514-I'm-a-mom-what's-your-super-power---RED.jpg
19-515-BLK,19-515-I'm-a-nurse-whats-your-super-power---BLK.jpg,19-515-I'm-a-nurse-whats-your-super-power---BLK,19-515-BLK.jpg,,,https://www.waresitat.com/data/productftp/Poorboys800/19-515-I'm-a-nurse-whats-your-super-power---BLK.jpg
19-515-BLU,19-515-I'm-a-nurse-whats-your-super-power---BLU.jpg,19-515-I'm-a-nurse-whats-your-super-power---BLU,19-515-BLU.jpg,,,https://www.waresitat.com/data/productftp/Poorboys800/19-515-I'm-a-nurse-whats-your-super-power---BLU.jpg
19-515-GRY,19-515-I'm-a-nurse-whats-your-super-power---GRY.jpg,19-515-I'm-a-nurse-whats-your-super-power---GRY,19-515-GRY.jpg,,,https://www.waresitat.com/data/productftp/Poorboys800/19-515-I'm-a-nurse-whats-your-super-power---GRY.jpg
19-515-PWT,19-515-I'm-a-nurse-whats-your-super-power---PWT.jpg,19-515-I'm-a-nurse-whats-your-super-power---PWT,19-515-PWT.jpg,,,https://www.waresitat.com/data/productftp/Poorboys800/19-515-I'm-a-nurse-whats-your-super-power---PWT.jpg
19-515-RED,19-515-I'm-a-nurse-whats-your-super-power---RED.jpg,19-515-I'm-a-nurse-whats-your-super-power---RED,19-515-RED.jpg,,,https://www.waresitat.com/data/productftp/Poorboys800/19-515-I'm-a-nurse-whats-your-super-power---RED.jpg
19-516-BLK,19-516-I'm-mom's-favorite---BLK.jpg,19-516-I'm-mom's-favorite---BLK,19-516-BLK.jpg,,,https://www.waresitat.com/data/productftp/Poorboys800/19-516-I'm-mom's-favorite---BLK.jpg
19-516-BLU,19-516-I'm-mom's-favorite---BLU.jpg,19-516-I'm-mom's-favorite---BLU,19-516-BLU.jpg,,,https://www.waresitat.com/data/productftp/Poorboys800/19-516-I'm-mom's-favorite---BLU.jpg
19-516-GRY,19-516-I'm-mom's-favorite---GRY.jpg,19-516-I'm-mom's-favorite---GRY,19-516-GRY.jpg,,,https://www.waresitat.com/data/productftp/Poorboys800/19-516-I'm-mom's-favorite---GRY.jpg
19-516-PWT,19-516-I'm-mom's-favorite---PWT.jpg,19-516-I'm-mom's-favorite---PWT,19-516-PWT.jpg,,,https://www.waresitat.com/data/productftp/Poorboys800/19-516-I'm-mom's-favorite---PWT.jpg
19-516-RED,19-516-I'm-mom's-favorite---RED.jpg,19-516-I'm-mom's-favorite---RED,19-516-RED.jpg,,,https://www.waresitat.com/data/productftp/Poorboys800/19-516-I'm-mom's-favorite---RED.jpg
19-517-BLK,19-517-I'm-not-short-I'm-fun-sized---BLK.jpg,19-517-I'm-not-short-I'm-fun-sized---BLK,19-517-BLK.jpg,,,https://www.waresitat.com/data/productftp/Poorboys800/19-517-I'm-not-short-I'm-fun-sized---BLK.jpg
19-517-BLU,19-517-I'm-not-short-I'm-fun-sized---BLU.jpg,19-517-I'm-not-short-I'm-fun-sized---BLU,19-517-BLU.jpg,,,https://www.waresitat.com/data/productftp/Poorboys800/19-517-I'm-not-short-I'm-fun-sized---BLU.jpg
19-517-GRY,19-517-I'm-not-short-I'm-fun-sized---GRY.jpg,19-517-I'm-not-short-I'm-fun-sized---GRY,19-517-GRY.jpg,,,https://www.waresitat.com/data/productftp/Poorboys800/19-517-I'm-not-short-I'm-fun-sized---GRY.jpg
19-517-PWT,19-517-I'm-not-short-I'm-fun-sized---PWT.jpg,19-517-I'm-not-short-I'm-fun-sized---PWT,19-517-PWT.jpg,,,https://www.waresitat.com/data/productftp/Poorboys800/19-517-I'm-not-short-I'm-fun-sized---PWT.jpg
19-517-RED,19-517-I'm-not-short-I'm-fun-sized---RED.jpg,19-517-I'm-not-short-I'm-fun-sized---RED,19-517-RED.jpg,,,https://www.waresitat.com/data/productftp/Poorboys800/19-517-I'm-not-short-I'm-fun-sized---RED.jpg
19-518-BLK,19-518-If-you-met-my-family-you'd-understand---BLK.jpg,19-518-If-you-met-my-family-you'd-understand---BLK,19-518-BLK.jpg,,,https://www.waresitat.com/data/productftp/Poorboys800/19-518-If-you-met-my-family-you'd-understand---BLK.jpg
19-518-BLU,19-518-If-you-met-my-family-you'd-understand---BLU.jpg,19-518-If-you-met-my-family-you'd-understand---BLU,19-518-BLU.jpg,,,https://www.waresitat.com/data/productftp/Poorboys800/19-518-If-you-met-my-family-you'd-understand---BLU.jpg
19-518-GRY,19-518-If-you-met-my-family-you'd-understand---GRY.jpg,19-518-If-you-met-my-family-you'd-understand---GRY,19-518-GRY.jpg,,,https://www.waresitat.com/data/productftp/Poorboys800/19-518-If-you-met-my-family-you'd-understand---GRY.jpg
19-518-PWT,19-518-If-you-met-my-family-you'd-understand---PWT.jpg,19-518-If-you-met-my-family-you'd-understand---PWT,19-518-PWT.jpg,,,https://www.waresitat.com/data/productftp/Poorboys800/19-518-If-you-met-my-family-you'd-understand---PWT.jpg
19-518-RED,19-518-If-you-met-my-family-you'd-understand---RED.jpg,19-518-If-you-met-my-family-you'd-understand---RED,19-518-RED.jpg,,,https://www.waresitat.com/data/productftp/Poorboys800/19-518-If-you-met-my-family-you'd-understand---RED.jpg
19-520-BLK,19-520-It's-a-good-day-to-have-a-good-day---BLK.jpg,19-520-It's-a-good-day-to-have-a-good-day---BLK,19-520-BLK.jpg,,,https://www.waresitat.com/data/productftp/Poorboys800/19-520-It's-a-good-day-to-have-a-good-day---BLK.jpg
19-520-BLU,19-520-It's-a-good-day-to-have-a-good-day---BLU.jpg,19-520-It's-a-good-day-to-have-a-good-day---BLU,19-520-BLU.jpg,,,https://www.waresitat.com/data/productftp/Poorboys800/19-520-It's-a-good-day-to-have-a-good-day---BLU.jpg
19-520-GRY,19-520-It's-a-good-day-to-have-a-good-day---GRY.jpg,19-520-It's-a-good-day-to-have-a-good-day---GRY,19-520-GRY.jpg,,,https://www.waresitat.com/data/productftp/Poorboys800/19-520-It's-a-good-day-to-have-a-good-day---GRY.jpg
19-520-PWT,19-520-It's-a-good-day-to-have-a-good-day---PWT.jpg,19-520-It's-a-good-day-to-have-a-good-day---PWT,19-520-PWT.jpg,,,https://www.waresitat.com/data/productftp/Poorboys800/19-520-It's-a-good-day-to-have-a-good-day---PWT.jpg
19-520-RED,19-520-It's-a-good-day-to-have-a-good-day---RED.jpg,19-520-It's-a-good-day-to-have-a-good-day---RED,19-520-RED.jpg,,,https://www.waresitat.com/data/productftp/Poorboys800/19-520-It's-a-good-day-to-have-a-good-day---RED.jpg
19-521-BLK,19-521-It's-good-to-be-queen---BLK.jpg,19-521-It's-good-to-be-queen---BLK,19-521-BLK.jpg,,,https://www.waresitat.com/data/productftp/Poorboys800/19-521-It's-good-to-be-queen---BLK.jpg
19-521-BLU,19-521-It's-good-to-be-queen---BLU.jpg,19-521-It's-good-to-be-queen---BLU,19-521-BLU.jpg,,,https://www.waresitat.com/data/productftp/Poorboys800/19-521-It's-good-to-be-queen---BLU.jpg
19-521-GRY,19-521-It's-good-to-be-queen---GRY.jpg,19-521-It's-good-to-be-queen---GRY,19-521-GRY.jpg,,,https://www.waresitat.com/data/productftp/Poorboys800/19-521-It's-good-to-be-queen---GRY.jpg
19-521-PWT,19-521-It's-good-to-be-queen---PWT.jpg,19-521-It's-good-to-be-queen---PWT,19-521-PWT.jpg,,,https://www.waresitat.com/data/productftp/Poorboys800/19-521-It's-good-to-be-queen---PWT.jpg
19-521-RED,19-521-It's-good-to-be-queen---RED.jpg,19-521-It's-good-to-be-queen---RED,19-521-RED.jpg,,,https://www.waresitat.com/data/productftp/Poorboys800/19-521-It's-good-to-be-queen---RED.jpg
19-523-BLK,19-523-Life-doesn't-have-to-be-perfect-to-be-wonderful---BLK.jpg,19-523-Life-doesn't-have-to-be-perfect-to-be-wonderful---BLK,19-523-BLK.jpg,,,https://www.waresitat.com/data/productftp/Poorboys800/19-523-Life-doesn't-have-to-be-perfect-to-be-wonderful---BLK.jpg
19-523-BLU,19-523-Life-doesn't-have-to-be-perfect-to-be-wonderful---BLU.jpg,19-523-Life-doesn't-have-to-be-perfect-to-be-wonderful---BLU,19-523-BLU.jpg,,,https://www.waresitat.com/data/productftp/Poorboys800/19-523-Life-doesn't-have-to-be-perfect-to-be-wonderful---BLU.jpg
19-523-GRY,19-523-Life-doesn't-have-to-be-perfect-to-be-wonderful---GRY.jpg,19-523-Life-doesn't-have-to-be-perfect-to-be-wonderful---GRY,19-523-GRY.jpg,,,https://www.waresitat.com/data/productftp/Poorboys800/19-523-Life-doesn't-have-to-be-perfect-to-be-wonderful---GRY.jpg
19-523-PWT,19-523-Life-doesn't-have-to-be-perfect-to-be-wonderful---PWT.jpg,19-523-Life-doesn't-have-to-be-perfect-to-be-wonderful---PWT,19-523-PWT.jpg,,,https://www.waresitat.com/data/productftp/Poorboys800/19-523-Life-doesn't-have-to-be-perfect-to-be-wonderful---PWT.jpg
19-523-RED,19-523-Life-doesn't-have-to-be-perfect-to-be-wonderful---RED.jpg,19-523-Life-doesn't-have-to-be-perfect-to-be-wonderful---RED,19-523-RED.jpg,,,https://www.waresitat.com/data/productftp/Poorboys800/19-523-Life-doesn't-have-to-be-perfect-to-be-wonderful---RED.jpg
19-533-BLK,19-533-Nurse-because-angel-isn't-a-job-title---BLK.jpg,19-533-Nurse-because-angel-isn't-a-job-title---BLK,19-533-BLK.jpg,,,https://www.waresitat.com/data/productftp/Poorboys800/19-533-Nurse-because-angel-isn't-a-job-title---BLK.jpg
19-533-BLU,19-533-Nurse-because-angel-isn't-a-job-title---BLU.jpg,19-533-Nurse-because-angel-isn't-a-job-title---BLU,19-533-BLU.jpg,,,https://www.waresitat.com/data/productftp/Poorboys800/19-533-Nurse-because-angel-isn't-a-job-title---BLU.jpg
19-533-GRY,19-533-Nurse-because-angel-isn't-a-job-title---GRY.jpg,19-533-Nurse-because-angel-isn't-a-job-title---GRY,19-533-GRY.jpg,,,https://www.waresitat.com/data/productftp/Poorboys800/19-533-Nurse-because-angel-isn't-a-job-title---GRY.jpg
19-533-PWT,19-533-Nurse-because-angel-isn't-a-job-title---PWT.jpg,19-533-Nurse-because-angel-isn't-a-job-title---PWT,19-533-PWT.jpg,,,https://www.waresitat.com/data/productftp/Poorboys800/19-533-Nurse-because-angel-isn't-a-job-title---PWT.jpg
19-533-RED,19-533-Nurse-because-angel-isn't-a-job-title---RED.jpg,19-533-Nurse-because-angel-isn't-a-job-title---RED,19-533-RED.jpg,,,https://www.waresitat.com/data/productftp/Poorboys800/19-533-Nurse-because-angel-isn't-a-job-title---RED.jpg
19-534-BLK,19-534-Please-cancel-my-subscription-i-don't-need-your-issues---BLK.jpg,19-534-Please-cancel-my-subscription-i-don't-need-your-issues---BLK,19-534-BLK.jpg,,,https://www.waresitat.com/data/productftp/Poorboys800/19-534-Please-cancel-my-subscription-i-don't-need-your-issues---BLK.jpg
19-534-BLU,19-534-Please-cancel-my-subscription-i-don't-need-your-issues---BLU.jpg,19-534-Please-cancel-my-subscription-i-don't-need-your-issues---BLU,19-534-BLU.jpg,,,https://www.waresitat.com/data/productftp/Poorboys800/19-534-Please-cancel-my-subscription-i-don't-need-your-issues---BLU.jpg
19-534-GRY,19-534-Please-cancel-my-subscription-i-don't-need-your-issues---GRY.jpg,19-534-Please-cancel-my-subscription-i-don't-need-your-issues---GRY,19-534-GRY.jpg,,,https://www.waresitat.com/data/productftp/Poorboys800/19-534-Please-cancel-my-subscription-i-don't-need-your-issues---GRY.jpg
19-534-PWT,19-534-Please-cancel-my-subscription-i-don't-need-your-issues---PWT.jpg,19-534-Please-cancel-my-subscription-i-don't-need-your-issues---PWT,19-534-PWT.jpg,,,https://www.waresitat.com/data/productftp/Poorboys800/19-534-Please-cancel-my-subscription-i-don't-need-your-issues---PWT.jpg
19-534-RED,19-534-Please-cancel-my-subscription-i-don't-need-your-issues---RED.jpg,19-534-Please-cancel-my-subscription-i-don't-need-your-issues---RED,19-534-RED.jpg,,,https://www.waresitat.com/data/productftp/Poorboys800/19-534-Please-cancel-my-subscription-i-don't-need-your-issues---RED.jpg
19-537-BLK,19-537-Some-days-i-don't-have-enough-coffee-or-middle-fingers---BLK.jpg,19-537-Some-days-i-don't-have-enough-coffee-or-middle-fingers---BLK,19-537-BLK.jpg,,,https://www.waresitat.com/data/productftp/Poorboys800/19-537-Some-days-i-don't-have-enough-coffee-or-middle-fingers---BLK.jpg
19-537-BLU,19-537-Some-days-i-don't-have-enough-coffee-or-middle-fingers---BLU.jpg,19-537-Some-days-i-don't-have-enough-coffee-or-middle-fingers---BLU,19-537-BLU.jpg,,,https://www.waresitat.com/data/productftp/Poorboys800/19-537-Some-days-i-don't-have-enough-coffee-or-middle-fingers---BLU.jpg
19-537-GRY,19-537-Some-days-i-don't-have-enough-coffee-or-middle-fingers---GRY.jpg,19-537-Some-days-i-don't-have-enough-coffee-or-middle-fingers---GRY,19-537-GRY.jpg,,,https://www.waresitat.com/data/productftp/Poorboys800/19-537-Some-days-i-don't-have-enough-coffee-or-middle-fingers---GRY.jpg
19-537-PWT,19-537-Some-days-i-don't-have-enough-coffee-or-middle-fingers---PWT.jpg,19-537-Some-days-i-don't-have-enough-coffee-or-middle-fingers---PWT,19-537-PWT.jpg,,,https://www.waresitat.com/data/productftp/Poorboys800/19-537-Some-days-i-don't-have-enough-coffee-or-middle-fingers---PWT.jpg
19-537-RED,19-537-Some-days-i-don't-have-enough-coffee-or-middle-fingers---RED.jpg,19-537-Some-days-i-don't-have-enough-coffee-or-middle-fingers---RED,19-537-RED.jpg,,,https://www.waresitat.com/data/productftp/Poorboys800/19-537-Some-days-i-don't-have-enough-coffee-or-middle-fingers---RED.jpg
19-540-BLK,19-540-Sorry-I-don't-do-quiet---BLK.jpg,19-540-Sorry-I-don't-do-quiet---BLK,19-540-BLK.jpg,,,https://www.waresitat.com/data/productftp/Poorboys800/19-540-Sorry-I-don't-do-quiet---BLK.jpg
19-540-BLU,19-540-Sorry-I-don't-do-quiet---BLU.jpg,19-540-Sorry-I-don't-do-quiet---BLU,19-540-BLU.jpg,,,https://www.waresitat.com/data/productftp/Poorboys800/19-540-Sorry-I-don't-do-quiet---BLU.jpg
19-540-GRY,19-540-Sorry-I-don't-do-quiet---GRY.jpg,19-540-Sorry-I-don't-do-quiet---GRY,19-540-GRY.jpg,,,https://www.waresitat.com/data/productftp/Poorboys800/19-540-Sorry-I-don't-do-quiet---GRY.jpg
19-540-PWT,19-540-Sorry-I-don't-do-quiet---PWT.jpg,19-540-Sorry-I-don't-do-quiet---PWT,19-540-PWT.jpg,,,https://www.waresitat.com/data/productftp/Poorboys800/19-540-Sorry-I-don't-do-quiet---PWT.jpg
19-540-RED,19-540-Sorry-I-don't-do-quiet---RED.jpg,19-540-Sorry-I-don't-do-quiet---RED,19-540-RED.jpg,,,https://www.waresitat.com/data/productftp/Poorboys800/19-540-Sorry-I-don't-do-quiet---RED.jpg
19-541-BLK,19-541-Teaching-isn't-a-job-it's-an-adventure---BLK.jpg,19-541-Teaching-isn't-a-job-it's-an-adventure---BLK,19-541-BLK.jpg,,,https://www.waresitat.com/data/productftp/Poorboys800/19-541-Teaching-isn't-a-job-it's-an-adventure---BLK.jpg
19-541-BLU,19-541-Teaching-isn't-a-job-it's-an-adventure---BLU.jpg,19-541-Teaching-isn't-a-job-it's-an-adventure---BLU,19-541-BLU.jpg,,,https://www.waresitat.com/data/productftp/Poorboys800/19-541-Teaching-isn't-a-job-it's-an-adventure---BLU.jpg
19-541-GRY,19-541-Teaching-isn't-a-job-it's-an-adventure---GRY.jpg,19-541-Teaching-isn't-a-job-it's-an-adventure---GRY,19-541-GRY.jpg,,,https://www.waresitat.com/data/productftp/Poorboys800/19-541-Teaching-isn't-a-job-it's-an-adventure---GRY.jpg
19-541-PWT,19-541-Teaching-isn't-a-job-it's-an-adventure---PWT.jpg,19-541-Teaching-isn't-a-job-it's-an-adventure---PWT,19-541-PWT.jpg,,,https://www.waresitat.com/data/productftp/Poorboys800/19-541-Teaching-isn't-a-job-it's-an-adventure---PWT.jpg
19-541-RED,19-541-Teaching-isn't-a-job-it's-an-adventure---RED.jpg,19-541-Teaching-isn't-a-job-it's-an-adventure---RED,19-541-RED.jpg,,,https://www.waresitat.com/data/productftp/Poorboys800/19-541-Teaching-isn't-a-job-it's-an-adventure---RED.jpg
19-564-BLK,19-564-I'm-not-feeling-very-worky-today---BLK.jpg,19-564-I'm-not-feeling-very-worky-today---BLK,19-564-BLK.jpg,,,https://www.waresitat.com/data/productftp/Poorboys800/19-564-I'm-not-feeling-very-worky-today---BLK.jpg
19-564-BLU,19-564-I'm-not-feeling-very-worky-today---BLU.jpg,19-564-I'm-not-feeling-very-worky-today---BLU,19-564-BLU.jpg,,,https://www.waresitat.com/data/productftp/Poorboys800/19-564-I'm-not-feeling-very-worky-today---BLU.jpg
19-564-GRY,19-564-I'm-not-feeling-very-worky-today---GRY.jpg,19-564-I'm-not-feeling-very-worky-today---GRY,19-564-GRY.jpg,,,https://www.waresitat.com/data/productftp/Poorboys800/19-564-I'm-not-feeling-very-worky-today---GRY.jpg
19-564-PWT,19-564-I'm-not-feeling-very-worky-today---PWT.jpg,19-564-I'm-not-feeling-very-worky-today---PWT,19-564-PWT.jpg,,,https://www.waresitat.com/data/productftp/Poorboys800/19-564-I'm-not-feeling-very-worky-today---PWT.jpg
19-564-RED,19-564-I'm-not-feeling-very-worky-today---RED.jpg,19-564-I'm-not-feeling-very-worky-today---RED,19-564-RED.jpg,,,https://www.waresitat.com/data/productftp/Poorboys800/19-564-I'm-not-feeling-very-worky-today---RED.jpg
19-566-BLK,19-566-Let's-stay-home---BLK.jpg,19-566-Let's-stay-home---BLK,19-566-BLK.jpg,,,https://www.waresitat.com/data/productftp/Poorboys800/19-566-Let's-stay-home---BLK.jpg
19-566-BLU,19-566-Let's-stay-home---BLU.jpg,19-566-Let's-stay-home---BLU,19-566-BLU.jpg,,,https://www.waresitat.com/data/productftp/Poorboys800/19-566-Let's-stay-home---BLU.jpg
19-566-GRY,19-566-Let's-stay-home---GRY.jpg,19-566-Let's-stay-home---GRY,19-566-GRY.jpg,,,https://www.waresitat.com/data/productftp/Poorboys800/19-566-Let's-stay-home---GRY.jpg
19-566-PWT,19-566-Let's-stay-home---PWT.jpg,19-566-Let's-stay-home---PWT,19-566-PWT.jpg,,,https://www.waresitat.com/data/productftp/Poorboys800/19-566-Let's-stay-home---PWT.jpg
19-566-RED,19-566-Let's-stay-home---RED.jpg,19-566-Let's-stay-home---RED,19-566-RED.jpg,,,https://www.waresitat.com/data/productftp/Poorboys800/19-566-Let's-stay-home---RED.jpg
19-569-BLK,19-569-I-can't-adult-today---BLK.jpg,19-569-I-can't-adult-today---BLK,19-569-BLK.jpg,,,https://www.waresitat.com/data/productftp/Poorboys800/19-569-I-can't-adult-today---BLK.jpg
19-569-BLU,19-569-I-can't-adult-today---BLU.jpg,19-569-I-can't-adult-today---BLU,19-569-BLU.jpg,,,https://www.waresitat.com/data/productftp/Poorboys800/19-569-I-can't-adult-today---BLU.jpg
19-569-GRY,19-569-I-can't-adult-today---GRY.jpg,19-569-I-can't-adult-today---GRY,19-569-GRY.jpg,,,https://www.waresitat.com/data/productftp/Poorboys800/19-569-I-can't-adult-today---GRY.jpg
19-569-PWT,19-569-I-can't-adult-today---PWT.jpg,19-569-I-can't-adult-today---PWT,19-569-PWT.jpg,,,https://www.waresitat.com/data/productftp/Poorboys800/19-569-I-can't-adult-today---PWT.jpg
19-569-RED,19-569-I-can't-adult-today---RED.jpg,19-569-I-can't-adult-today---RED,19-569-RED.jpg,,,https://www.waresitat.com/data/productftp/Poorboys800/19-569-I-can't-adult-today---RED.jpg
19-582-BLk,19-582-Salty-hair-don't-care---BLK.jpg,19-582-Salty-hair-don't-care---BLK,19-582-BLk.jpg,,,https://www.waresitat.com/data/productftp/Poorboys800/19-582-Salty-hair-don't-care---BLK.jpg
19-582-BLU,19-582-Salty-hair-don't-care---BLU.jpg,19-582-Salty-hair-don't-care---BLU,19-582-BLU.jpg,,,https://www.waresitat.com/data/productftp/Poorboys800/19-582-Salty-hair-don't-care---BLU.jpg
19-582-GRY,19-582-Salty-hair-don't-care---GRY.jpg,19-582-Salty-hair-don't-care---GRY,19-582-GRY.jpg,,,https://www.waresitat.com/data/productftp/Poorboys800/19-582-Salty-hair-don't-care---GRY.jpg
19-582-PWT,19-582-Salty-hair-don't-care---PWT.jpg,19-582-Salty-hair-don't-care---PWT,19-582-PWT.jpg,,,https://www.waresitat.com/data/productftp/Poorboys800/19-582-Salty-hair-don't-care---PWT.jpg
19-582-RED,19-582-Salty-hair-don't-care---RED.jpg,19-582-Salty-hair-don't-care---RED,19-582-RED.jpg,,,https://www.waresitat.com/data/productftp/Poorboys800/19-582-Salty-hair-don't-care---RED.jpg
24-208,24-208-promise-you'll-stay-little-forever.jpg,24-208-promise-you'll-stay-little-forever,24-208.jpg,,,https://www.waresitat.com/data/productftp/Poorboys800/24-208-promise-you'll-stay-little-forever.jpg
24-503,24-503-I-wasn't-born-at-the-beach.jpg,24-503-I-wasn't-born-at-the-beach,24-503.jpg,,,https://www.waresitat.com/data/productftp/Poorboys800/24-503-I-wasn't-born-at-the-beach.jpg
24-504,24-504-I-wasn't-born-at-the-lake.jpg,24-504-I-wasn't-born-at-the-lake,24-504.jpg,,,https://www.waresitat.com/data/productftp/Poorboys800/24-504-I-wasn't-born-at-the-lake.jpg
24-701,24-701-baby-it's-cold-outside.jpg,24-701-baby-it's-cold-outside,24-701.jpg,,,https://www.waresitat.com/data/productftp/Poorboys800/24-701-baby-it's-cold-outside.jpg
24-710,24-710-i'll-be-home.jpg,24-710-i'll-be-home,24-710.jpg,,,https://www.waresitat.com/data/productftp/Poorboys800/24-710-i'll-be-home.jpg
35-528-BLU,35-528-Relax-you're-on-lake-time---BLU.jpg,35-528-Relax-you're-on-lake-time---BLU,35-528-BLU.jpg,,,https://www.waresitat.com/data/productftp/Poorboys800/35-528-Relax-you're-on-lake-time---BLU.jpg
35-528-WHT,35-528-Relax-you're-on-lake-time---WHT.jpg,35-528-Relax-you're-on-lake-time---WHT,35-528-WHT.jpg,,,https://www.waresitat.com/data/productftp/Poorboys800/35-528-Relax-you're-on-lake-time---WHT.jpg
35-611-COR,35-611-I-love-you-to-the-beach-&-back---COR.jpg,35-611-I-love-you-to-the-beach-&-back---COR,35-611-COR.jpg,,,https://www.waresitat.com/data/productftp/Poorboys800/35-611-I-love-you-to-the-beach-&-back---COR.jpg
35-611-SEA,35-611-I-love-you-to-the-beach-&-back---SEA.jpg,35-611-I-love-you-to-the-beach-&-back---SEA,35-611-SEA.jpg,,,https://www.waresitat.com/data/productftp/Poorboys800/35-611-I-love-you-to-the-beach-&-back---SEA.jpg
35-611-SKY,35-611-I-love-you-to-the-beach-&-back---SKY.jpg,35-611-I-love-you-to-the-beach-&-back---SKY,35-611-SKY.jpg,,,https://www.waresitat.com/data/productftp/Poorboys800/35-611-I-love-you-to-the-beach-&-back---SKY.jpg
35-611-SUN,35-611-I-love-you-to-the-beach-&-back---SUN.jpg,35-611-I-love-you-to-the-beach-&-back---SUN,35-611-SUN.jpg,,,https://www.waresitat.com/data/productftp/Poorboys800/35-611-I-love-you-to-the-beach-&-back---SUN.jpg
35-616-COR,35-616-Keep-Calm-&-beach-on---COR.jpg,35-616-Keep-Calm-&-beach-on---COR,35-616-COR.jpg,,,https://www.waresitat.com/data/productftp/Poorboys800/35-616-Keep-Calm-&-beach-on---COR.jpg
35-616-SEA,35-616-Keep-Calm-&-beach-on---SEA.jpg,35-616-Keep-Calm-&-beach-on---SEA,35-616-SEA.jpg,,,https://www.waresitat.com/data/productftp/Poorboys800/35-616-Keep-Calm-&-beach-on---SEA.jpg
35-616-SKY,35-616-Keep-Calm-&-beach-on---SKY.jpg,35-616-Keep-Calm-&-beach-on---SKY,35-616-SKY.jpg,,,https://www.waresitat.com/data/productftp/Poorboys800/35-616-Keep-Calm-&-beach-on---SKY.jpg
35-616-SUN,35-616-Keep-Calm-&-beach-on---SUN.jpg,35-616-Keep-Calm-&-beach-on---SUN,35-616-SUN.jpg,,,https://www.waresitat.com/data/productftp/Poorboys800/35-616-Keep-Calm-&-beach-on---SUN.jpg
35-622-COR,35-622-Relax-you're-on-Beach-Time---COR.jpg,35-622-Relax-you're-on-Beach-Time---COR,35-622-COR.jpg,,,https://www.waresitat.com/data/productftp/Poorboys800/35-622-Relax-you're-on-Beach-Time---COR.jpg
35-622-SEA,35-622-Relax-you're-on-Beach-Time---SEA.jpg,35-622-Relax-you're-on-Beach-Time---SEA,35-622-SEA.jpg,,,https://www.waresitat.com/data/productftp/Poorboys800/35-622-Relax-you're-on-Beach-Time---SEA.jpg
35-622-SKY,35-622-Relax-you're-on-Beach-Time---SKY.jpg,35-622-Relax-you're-on-Beach-Time---SKY,35-622-SKY.jpg,,,https://www.waresitat.com/data/productftp/Poorboys800/35-622-Relax-you're-on-Beach-Time---SKY.jpg
35-622-SUN,35-622-Relax-you're-on-Beach-Time---SUN.jpg,35-622-Relax-you're-on-Beach-Time---SUN,35-622-SUN.jpg,,,https://www.waresitat.com/data/productftp/Poorboys800/35-622-Relax-you're-on-Beach-Time---SUN.jpg
35-630-COR,35-630-what's-up-beaches---COR.jpg,35-630-what's-up-beaches---COR,35-630-COR.jpg,,,https://www.waresitat.com/data/productftp/Poorboys800/35-630-what's-up-beaches---COR.jpg
35-630-SEA,35-630-what's-up-beaches---SEA.jpg,35-630-what's-up-beaches---SEA,35-630-SEA.jpg,,,https://www.waresitat.com/data/productftp/Poorboys800/35-630-what's-up-beaches---SEA.jpg
35-630-SKY,35-630-what's-up-beaches---SKY.jpg,35-630-what's-up-beaches---SKY,35-630-SKY.jpg,,,https://www.waresitat.com/data/productftp/Poorboys800/35-630-what's-up-beaches---SKY.jpg
35-630-SUN,35-630-what's-up-beaches---SUN.jpg,35-630-what's-up-beaches---SUN,35-630-SUN.jpg,,,https://www.waresitat.com/data/productftp/Poorboys800/35-630-what's-up-beaches---SUN.jpg
PH-204,PH-204-Because-i'm-the-dog-thats-why.jpg,PH-204-Because-i'm-the-dog-thats-why,PH-204.jpg,,,https://www.waresitat.com/data/productftp/Poorboys800/PH-204-Because-i'm-the-dog-thats-why.jpg
PH-210,PH-210-Dog-can't-hold-its-licker.jpg,PH-210-Dog-can't-hold-its-licker,PH-210.jpg,,,https://www.waresitat.com/data/productftp/Poorboys800/PH-210-Dog-can't-hold-its-licker.jpg
PH-212,PH-212-Dog-Hair-Don't-Care.jpg,PH-212-Dog-Hair-Don't-Care,PH-212.jpg,,,https://www.waresitat.com/data/productftp/Poorboys800/PH-212-Dog-Hair-Don't-Care.jpg
PH-216,PH-216-Don't-let-the-dogs-out.jpg,PH-216-Don't-let-the-dogs-out,PH-216.jpg,,,https://www.waresitat.com/data/productftp/Poorboys800/PH-216-Don't-let-the-dogs-out.jpg
PH-249,PH-249-What-part-of-woof-don't-you-understand.jpg,PH-249-What-part-of-woof-don't-you-understand,PH-249.jpg,,,https://www.waresitat.com/data/productftp/Poorboys800/PH-249-What-part-of-woof-don't-you-understand.jpg
PH-250,PH-250-You-can't-buy-love-but-you-can-rescue-it.jpg,PH-250-You-can't-buy-love-but-you-can-rescue-it,PH-250.jpg,,,https://www.waresitat.com/data/productftp/Poorboys800/PH-250-You-can't-buy-love-but-you-can-rescue-it.jpg
