http://www.colorful-garden.com/assets/images/Celebrate.jpg,"Celebrate.jpg
"
http://www.colorful-garden.com/assets/images/Countrywelcomebutteflyboot.jpg,"Countrywelcomebutteflyboot.jpg
"
http://www.colorful-garden.com/assets/images/farmingtraditions.png,"farmingtraditions.png
"
http://www.colorful-garden.com/assets/images/GrayCat-RedPoppies.jpg,"GrayCat-RedPoppies.jpg
"
http://www.colorful-garden.com/assets/images/Mixedbirds-yellowbirdhouse.jpg,"Mixedbirds-yellowbirdhouse.jpg
"
http://www.colorful-garden.com/assets/images/Picture5.png,"Picture5.png
"
http://www.colorful-garden.com/assets/images/products/16-just_chillin.jpg,"16-just_chillin.jpg
"
http://www.colorful-garden.com/assets/images/products/19-lifes_a_beach.jpg,"19-lifes_a_beach.jpg
"
http://www.colorful-garden.com/assets/images/products/20-takin_life_easy.jpg,"20-takin_life_easy.jpg
"
http://www.colorful-garden.com/assets/images/products/228-Daffodil%20Egg-Bev.jpg,"228-Daffodil Egg-Bev.jpg
"
http://www.colorful-garden.com/assets/images/products/32-soar_owl.jpg,"32-soar_owl.jpg
"
http://www.colorful-garden.com/assets/images/products/388-Bluebird_Pink%20Flowers_thumbnail.jpg,"388-Bluebird_Pink Flowers_thumbnail.jpg
"
http://www.colorful-garden.com/assets/images/products/419-Yellow%20Lab.jpg,"419-Yellow Lab.jpg
"
http://www.colorful-garden.com/assets/images/products/452-Beach%20Life.jpg,"452-Beach Life.jpg
"
http://www.colorful-garden.com/assets/images/products/492-Shore%20Starfish.jpg,"492-Shore Starfish.jpg
"
http://www.colorful-garden.com/assets/images/products/524-Just%20Chillin.jpg,"524-Just Chillin.jpg
"
http://www.colorful-garden.com/assets/images/products/547-GetawayCafeWelcomeFlipflops.jpg,"547-GetawayCafeWelcomeFlipflops.jpg
"
http://www.colorful-garden.com/assets/images/products/560-LiveFreeja23H05.jpg,"560-LiveFreeja23H05.jpg
"
http://www.colorful-garden.com/assets/images/products/560-LiveFreeja23H05.jpg,"560-LiveFreeja23H05.jpg
"
http://www.colorful-garden.com/assets/images/products/601-Welcome%20Gone.jpg,"601-Welcome Gone.jpg
"
http://www.colorful-garden.com/assets/images/products/77-CelebrateSummer-Bev.jpg,"77-CelebrateSummer-Bev.jpg
"
http://www.colorful-garden.com/assets/images/products/SU03_BEV-pelican.jpg,"SU03_BEV-pelican.jpg
"
http://www.colorful-garden.com/assets/images/products/SU19_BEV-gerbers-boot.jpg,"SU19_BEV-gerbers-boot.jpg
"
http://www.colorful-garden.com/assets/images/products/SU20_BEV-flowerwelcome.jpg,"SU20_BEV-flowerwelcome.jpg
"
